ABSTRACTION,,,,
CHARITY,,,,
ADVANCEDMANUFACTURING,,,,
AGRICULTURE,,,,
TAYLOR,,,,
ALGORITHM,,,,
ANDROID,,,,
APPEND,,,,
APPLE,,,,
APPLICATION,,,,
AUTOMOTIVESERVICE,,,,
BABY,,,,
BACKEND,,,,
BAND,,,,
BASEBALL,,,,
BINARY,,,,
BLOCKBASED,,,,
BOOLEAN,,,,
BOONVILLE,,,,
BOSSE,,,,
BLAKE,,,,
OWEN,,,,
BYTE,,,,
NICK,,,,
CAFFEINE,,,,
CASTLE,,,,
CENTRAL,,,,
DIEKMANN,,,,
CHRISTMASTREE,,,,
CISCO,,,,
CLASSES,,,,
CODE,,,,
COFFEE,,,,
COLLEGE,,,,
COMMASEPERATEDVALUE,,,,
COMPUTERPROGRAMMING,,,,
COMPUTERSCIENCE,,,,
CONCATENATE,,,,
CONSTRUCTION,,,,
CRYING,,,,
CULINARY,,,,
GADBERRY,,,,
DATASCIENCE,,,,
DECRYPT,,,,
DEFINE,,,,
DICTIONARY,,,,
DIESELTECHNOLOGY,,,,
DIRECTORY,,,,
DOUBLEFORLOOP,,,,
ELECTRICITY,,,,
ELSE,,,,
ENCRYPT,,,,
ENGINEERING,,,,
ESSENTIALS,,,,
EXCEL,,,,
EXTRACT,,,,
FILEEXPLORER,,,,
FLOAT,,,,
FOLDER,,,,
FORLOOP,,,,
FRAME,,,,
FRONTEND,,,,
FRUITSNACKS,,,,
FUNCTION,,,,
GARLIC,,,,
GLOBALVARIABLE,,,,
GOLF,,,,
GOOGLE,,,,
GRAPH,,,,
GRAPHICALUSERINTERFACE,,,,
GRAPHICDESIGN,,,,
GRASS,,,,
HARRISON,,,,
HDMI,,,,
HEALTHSCIENCE,,,,
HELPME,,,,
HEXADECIMAL,,,,
HVAC,,,,
IFSTATEMENT,,,,
IMPORT,,,,
INFORMATION,,,,
INPUT,,,,
SKILLETT,,,,
INTEGER,,,,
GRIGSBY,,,,
ITERATOR,,,,
JAVA,,,,
JUNK,,,,
JUPYTERNOTEBOOK,,,,
GUMULA,,,,
KEURIG,,,,
KEYBOARD,,,,
KISS,,,,
RYAN,,,,
LAPTOP,,,,
LENGTH,,,,
LINUX,,,,
LIST,,,,
LOCALVARIABLE,,,,
LUA,,,,
MAINLOOP,,,,
MARKDOWN,,,,
HOWARD,,,,
MATPLOTLIB,,,,
MAXIMUM,,,,
PARKER,,,,
MIT,,,,
MODULE,,,,
MODULO,,,,
MONITOR,,,,
MOUNTAIN DEW,,,,
MOUNTVERNON,,,,
MOUSE,,,,
NAN,,,,
HUDSON,,,,
NETACAD,,,,
NETLOGO,,,,
NETWORKING,,,,
NEWTECHINSTITUTE,,,,
NORTH,,,,
OFFICE,,,,
LANDON,,,,
OPEN,,,,
OUTPUT,,,,
AMELIA,,,,
PANDAS,,,,
PHYSICS,,,,
POKEMON,,,,
PONG,,,,
POPTARTS,,,,
POWERSHELL,,,,
PRECISIONMACHINE,,,,
PRINCIPLES,,,,
PRINT,,,,
PUBLICSAFETY,,,,
PYTHON,,,,
RADIO,,,,
RANDINT,,,,
RANDOM,,,,
RANGE,,,,
RASPBERRYPI,,,,
READABLE,,,,
POHL,,,,
REITZ,,,,
ROBOTICS,,,,
SCHELLER,,,,
RUBBERDUCKDEBUGGING,,,,
SITU,,,,
SCIENCE,,,,
SEQUENCES,,,,
SIMULATION,,,,
SLACK,,,,
SLEEPING,,,,
CAREERTECHEDUCATION,,,,
STECKLER,,,,
SPLIT,,,,
SPOTIFY,,,,
STARWARS,,,,
STATICMETHOD,,,,
STRING,,,,
SUDOKU,,,,
SUPREMELEADER,,,,
STEVENSON,,,,
TECHNOLOGY,,,,
TECUMSEH,,,,
TERMINATE,,,,
TEXTFILE,,,,
TIME,,,,
TKINTER,,,,
TSV,,,,
TUPLE,,,,
TURTLE,,,,
VARIABLE,,,,
WEBSITES,,,,
WELDING,,,,
WHILE,,,,
TICHENOR,,,,
WRESTLING,,,,
WRITE,,,,
ZOLLER,,,,
BROKEN,,,,
CLONETROOPERS,,,,
RECLUSIVE,,,,
RECURSION,,,,
